<?xml version="1.0" encoding="UTF-8" standalone="no"?>
<Configuration>
  <DisplayManager>
    <SystemInitScript dnOrder="0"/>
    <SystemStartScript dnOrder="1"/>
  </DisplayManager>
  <General>
    <HarmonyPath dnOrder="0" path="../../harmony/v2_06"/>
    <Processor dnOrder="1" name="PIC32MZ2048EFH064"/>
    <Board dnOrder="2" name=" "/>
    <ForceOptimization dnOrder="3" flag="true"/>
    <MergeStrategy dnOrder="4" flag="USER_ALL"/>
  </General>
  <Manifest>
    <Files dnOrder="0">
      <File dnOrder="0">
        <Name dnOrder="0">driver_common.h</Name>
        <Path dnOrder="1">Header&amp;#160;Files/framework/driver</Path>
      </File>
      <File dnOrder="1">
        <Name dnOrder="0">sys_dma.h</Name>
        <Path dnOrder="1">Header&amp;#160;Files/framework/system/dma</Path>
      </File>
      <File dnOrder="2">
        <Name dnOrder="0">osal.h</Name>
        <Path dnOrder="1">Header&amp;#160;Files/framework/osal</Path>
      </File>
      <File dnOrder="3">
        <Name dnOrder="0">sys_ports.h</Name>
        <Path dnOrder="1">Header&amp;#160;Files/framework/system/ports</Path>
      </File>
      <File dnOrder="4">
        <Name dnOrder="0">drv_spi.h</Name>
        <Path dnOrder="1">Header&amp;#160;Files/framework/driver/spi</Path>
      </File>
      <File dnOrder="5">
        <Name dnOrder="0">drv_spi_definitions.h</Name>
        <Path dnOrder="1">Header&amp;#160;Files/framework/driver/spi</Path>
      </File>
      <File dnOrder="6">
        <Name dnOrder="0">drv_spi_sys_queue_local_fifo.h</Name>
        <Path dnOrder="1">Header&amp;#160;Files/framework/driver/spi/src</Path>
      </File>
      <File dnOrder="7">
        <Name dnOrder="0">driver.h</Name>
        <Path dnOrder="1">Header&amp;#160;Files/framework/driver</Path>
      </File>
      <File dnOrder="8">
        <Name dnOrder="0">sys_common.h</Name>
        <Path dnOrder="1">Header&amp;#160;Files/framework/system/common</Path>
      </File>
      <File dnOrder="9">
        <Name dnOrder="0">sys_buffer.h</Name>
        <Path dnOrder="1">Header&amp;#160;Files/framework/system/common</Path>
      </File>
      <File dnOrder="10">
        <Name dnOrder="0">sys_int_pic32.c</Name>
        <Path dnOrder="1">Source&amp;#160;Files/framework/system/int/src</Path>
      </File>
      <File dnOrder="11">
        <Name dnOrder="0">sys_clk_compatibility.h</Name>
        <Path dnOrder="1">Header&amp;#160;Files/framework/system/clk</Path>
      </File>
      <File dnOrder="12">
        <Name dnOrder="0">sys_clk.h</Name>
        <Path dnOrder="1">Header&amp;#160;Files/framework/system/clk</Path>
      </File>
      <File dnOrder="13">
        <Name dnOrder="0">drv_spi_sys_queue.h</Name>
        <Path dnOrder="1">Header&amp;#160;Files/framework/driver/spi/src</Path>
      </File>
      <File dnOrder="14">
        <Name dnOrder="0">sys_ports_definitions.h</Name>
        <Path dnOrder="1">Header&amp;#160;Files/framework/system/ports</Path>
      </File>
      <File dnOrder="15">
        <Name dnOrder="0">osal_impl_basic.h</Name>
        <Path dnOrder="1">Header&amp;#160;Files/framework/osal</Path>
      </File>
      <File dnOrder="16">
        <Name dnOrder="0">sys_clk_mapping.h</Name>
        <Path dnOrder="1">Header&amp;#160;Files/framework/system/clk</Path>
      </File>
      <File dnOrder="17">
        <Name dnOrder="0">sys_int_mapping.h</Name>
        <Path dnOrder="1">Header&amp;#160;Files/framework/system/int</Path>
      </File>
      <File dnOrder="18">
        <Name dnOrder="0">osal_definitions.h</Name>
        <Path dnOrder="1">Header&amp;#160;Files/framework/osal</Path>
      </File>
      <File dnOrder="19">
        <Name dnOrder="0">drv_spi_internal.h</Name>
        <Path dnOrder="1">Header&amp;#160;Files/framework/driver/spi/src/dynamic</Path>
      </File>
      <File dnOrder="20">
        <Name dnOrder="0">sys_int_private.h</Name>
        <Path dnOrder="1">Header&amp;#160;Files/framework/system/int/src</Path>
      </File>
      <File dnOrder="21">
        <Name dnOrder="0">system.h</Name>
        <Path dnOrder="1">Header&amp;#160;Files/framework/system</Path>
      </File>
      <File dnOrder="22">
        <Name dnOrder="0">sys_debug.h</Name>
        <Path dnOrder="1">Header&amp;#160;Files/framework/system/debug</Path>
      </File>
      <File dnOrder="23">
        <Name dnOrder="0">sys_module.h</Name>
        <Path dnOrder="1">Header&amp;#160;Files/framework/system/common</Path>
      </File>
      <File dnOrder="24">
        <Name dnOrder="0">drv_spi_variant_mapping.h</Name>
        <Path dnOrder="1">Header&amp;#160;Files/framework/driver/spi/src</Path>
      </File>
      <File dnOrder="25">
        <Name dnOrder="0">sys_queue.h</Name>
        <Path dnOrder="1">Header&amp;#160;Files/framework/system/common</Path>
      </File>
      <File dnOrder="26">
        <Name dnOrder="0">sys_int.h</Name>
        <Path dnOrder="1">Header&amp;#160;Files/framework/system/int</Path>
      </File>
    </Files>
    <Templates dnOrder="1">
      <Template dnOrder="0">
        <Name dnOrder="0">sys_ports_static.c</Name>
        <Path dnOrder="1">Source&amp;#160;Files/app/system_config/default/framework/system/ports/src</Path>
        <Checksum dnOrder="2">AAADE7A15E4CBBB5FCF896CA082F6564</Checksum>
      </Template>
      <Template dnOrder="1">
        <Name dnOrder="0">sys_devcon_cache.h</Name>
        <Path dnOrder="1">Source&amp;#160;Files/app/system_config/default/framework/system/devcon/src</Path>
        <Checksum dnOrder="2">5EB0485AC07A8B25665195B960AFBE5B</Checksum>
      </Template>
      <Template dnOrder="2">
        <Name dnOrder="0">drv_spi_static_tasks.c</Name>
        <Path dnOrder="1">Source&amp;#160;Files/app/system_config/default/framework/driver/spi/static/src</Path>
        <Checksum dnOrder="2">D2D53C10ACA1CD323454F7171731D586</Checksum>
      </Template>
      <Template dnOrder="3">
        <Name dnOrder="0">sys_devcon_local.h</Name>
        <Path dnOrder="1">Header&amp;#160;Files/app/system_config/default/framework/system/devcon/src</Path>
        <Checksum dnOrder="2">B66F9B4DBD85DA7F9DE775E864E01395</Checksum>
      </Template>
      <Template dnOrder="4">
        <Name dnOrder="0">sys_devcon.h</Name>
        <Path dnOrder="1">Header&amp;#160;Files/app/system_config/default/framework/system/devcon</Path>
        <Checksum dnOrder="2">07580DCDEF89D9C79B062544109C5367</Checksum>
      </Template>
      <Template dnOrder="5">
        <Name dnOrder="0">system_interrupt.c</Name>
        <Path dnOrder="1">Source&amp;#160;Files/app/system_config/default</Path>
        <Checksum dnOrder="2">C789B02ABAB38CB2AFC7FB18655D1232</Checksum>
      </Template>
      <Template dnOrder="6">
        <Name dnOrder="0">drv_spi_static_local.h</Name>
        <Path dnOrder="1">Header&amp;#160;Files/app/system_config/default/framework/driver/spi/static/src</Path>
        <Checksum dnOrder="2">AF9ACB5C629AE2110671D0E7D0D8670C</Checksum>
      </Template>
      <Template dnOrder="7">
        <Name dnOrder="0">system_init.c</Name>
        <Path dnOrder="1">Source&amp;#160;Files/app/system_config/default</Path>
        <Checksum dnOrder="2">E74502826A7EC4773854AAC8AD53F80A</Checksum>
      </Template>
      <Template dnOrder="8">
        <Name dnOrder="0">main.c</Name>
        <Path dnOrder="1">Source&amp;#160;Files/app</Path>
      </Template>
      <Template dnOrder="9">
        <Name dnOrder="0">drv_spi_static.c</Name>
        <Path dnOrder="1">Source&amp;#160;Files/app/system_config/default/framework/driver/spi/static/src</Path>
        <Checksum dnOrder="2">D5F2558464B1E63CCCA6EFB4EFB5CA26</Checksum>
      </Template>
      <Template dnOrder="10">
        <Name dnOrder="0">system_definitions.h</Name>
        <Path dnOrder="1">Header&amp;#160;Files/app/system_config/default</Path>
        <Checksum dnOrder="2">6BDFDF1EC92FA57614450B65D5528D82</Checksum>
      </Template>
      <Template dnOrder="11">
        <Name dnOrder="0">system_exceptions.c</Name>
        <Path dnOrder="1">Source&amp;#160;Files/app/system_config/default</Path>
        <Checksum dnOrder="2">9836A04F3E98D3971DB91DF539160F34</Checksum>
      </Template>
      <Template dnOrder="12">
        <Name dnOrder="0">drv_spi_static_sys_queue.h</Name>
        <Path dnOrder="1">Header&amp;#160;Files/app/system_config/default/framework/driver/spi/static/src</Path>
        <Checksum dnOrder="2">3D489FB0B5415BB6F80FA34FC0CEE9F7</Checksum>
      </Template>
      <Template dnOrder="13">
        <Name dnOrder="0">sys_devcon.c</Name>
        <Path dnOrder="1">Source&amp;#160;Files/app/system_config/default/framework/system/devcon/src</Path>
        <Checksum dnOrder="2">54ADBD4A35BCA03C42C74182FCE41849</Checksum>
      </Template>
      <Template dnOrder="14">
        <Name dnOrder="0">drv_spi_mapping.c</Name>
        <Path dnOrder="1">Source&amp;#160;Files/app/system_config/default/framework/driver/spi/static/src</Path>
        <Checksum dnOrder="2">1074F67858C7290920B17FBFA04C10DC</Checksum>
      </Template>
      <Template dnOrder="15">
        <Name dnOrder="0">app.c</Name>
        <Path dnOrder="1">Source&amp;#160;Files/app</Path>
      </Template>
      <Template dnOrder="16">
        <Name dnOrder="0">drv_spi_static.h</Name>
        <Path dnOrder="1">Header&amp;#160;Files/app/system_config/default/framework/driver/spi/static</Path>
        <Checksum dnOrder="2">A5F11D81D1C577E89060E519EE15E35F</Checksum>
      </Template>
      <Template dnOrder="17">
        <Name dnOrder="0">sys_devcon_cache_pic32mz.S</Name>
        <Path dnOrder="1">Source&amp;#160;Files/app/system_config/default/framework/system/devcon/src</Path>
        <Checksum dnOrder="2">D0A9CCA1CA85BB1CE7364A5DE10CC07D</Checksum>
      </Template>
      <Template dnOrder="18">
        <Name dnOrder="0">drv_spi_static_rm_tasks.c</Name>
        <Path dnOrder="1">Source&amp;#160;Files/app/system_config/default/framework/driver/spi/static/src</Path>
        <Checksum dnOrder="2">0E2F616AD3BB15BAEA2FF9EC56E86021</Checksum>
      </Template>
      <Template dnOrder="19">
        <Name dnOrder="0">sys_devcon_pic32mz.c</Name>
        <Path dnOrder="1">Source&amp;#160;Files/app/system_config/default/framework/system/devcon/src</Path>
        <Checksum dnOrder="2">D011F212E6410A0C92087C188E1F60AF</Checksum>
      </Template>
      <Template dnOrder="20">
        <Name dnOrder="0">system_tasks.c</Name>
        <Path dnOrder="1">Source&amp;#160;Files/app/system_config/default</Path>
        <Checksum dnOrder="2">4D84EA925D18141256BC973E1B5040C4</Checksum>
      </Template>
      <Template dnOrder="21">
        <Name dnOrder="0">system_config.h</Name>
        <Path dnOrder="1">Header&amp;#160;Files/app/system_config/default</Path>
        <Checksum dnOrder="2">ED5FE73ABDA23C891658ECDA6E4EB457</Checksum>
      </Template>
      <Template dnOrder="22">
        <Name dnOrder="0">app.h</Name>
        <Path dnOrder="1">Header&amp;#160;Files/app</Path>
      </Template>
      <Template dnOrder="23">
        <Name dnOrder="0">sys_clk_pic32mz.c</Name>
        <Path dnOrder="1">Source&amp;#160;Files/app/system_config/default/framework/system/clk/src</Path>
        <Checksum dnOrder="2">CC45A61DC821F2A45FBFD5EB0F76DD59</Checksum>
      </Template>
      <Template dnOrder="24">
        <Name dnOrder="0">drv_spi_static_sys_queue.c</Name>
        <Path dnOrder="1">Source&amp;#160;Files/app/system_config/default/framework/driver/spi/static/src</Path>
        <Checksum dnOrder="2">00A7FC94F1DE28D3FAD6F9589471FEA9</Checksum>
      </Template>
    </Templates>
    <CompilerItems dnOrder="2">
      <C32 dnOrder="0">
        <Include dnOrder="0" value="C:\microchip\Projects\ThermalCam_Melexis_V2\firmware\src"/>
        <Include dnOrder="1" value="C:\microchip\Projects\ThermalCam_Melexis_V2\firmware\src\system_config\default"/>
        <Include dnOrder="2" value="C:\microchip\Projects\ThermalCam_Melexis_V2\firmware\src\default"/>
        <Include dnOrder="3" value="C:\microchip\harmony\v2_06\framework"/>
        <Include dnOrder="4" value="C:\microchip\Projects\ThermalCam_Melexis_V2\firmware\src\system_config\default\framework"/>
      </C32>
    </CompilerItems>
    <Libraries dnOrder="3">
      <Library dnOrder="0" value="../../../../harmony/v2_06/bin/framework/peripheral/PIC32MZ2048EFH064_peripherals.a"/>
    </Libraries>
  </Manifest>
</Configuration>
